CRIM,ZN,INDUS,CHAS,NOX,RM,AGE,DIS,RAD,TAX,PTRATIO,B,LSTAT,MEDV
-0.4223284613462184,0.2964429191868906,-1.311010389165282,-0.2798513233382808,-0.14421743255530314,0.4136718893017581,-0.12105929958778221,0.14021360349292905,-0.9828428567665056,-0.6666082090210984,-1.4590003802772022,0.4410519326070325,-1.1041459293785936,0.1596856587150597
-0.41986984486883894,-0.4896385167169952,-0.599770896773018,-0.2798513233382808,-0.7402622069004932,0.19427445318162764,0.3787156436881204,0.5571598750882428,-0.8678825041257632,-0.9873294849630003,-0.30309414801650153,0.4410519326070325,-0.510352718143758,-0.1015242873296184
-0.4198721875238912,-0.4896385167169952,-0.599770896773018,-0.2798513233382808,-0.7402622069004932,1.282713681725651,-0.27062698334188445,0.5571598750882428,-0.8678825041257632,-0.9873294849630003,-0.30309414801650153,0.39642699409025545,-1.239747744444241,1.3242466681642504
-0.4192771531406093,-0.4896385167169952,-1.330434997150785,-0.2798513233382808,-0.8352838375932041,1.0163025092940647,-0.8287698032047538,1.0777366189304816,-0.7529221514850207,-1.1061151427192604,0.11303209559735014,0.41616283913453045,-1.3953329848879843,1.1827579473900494
-0.4149807237747075,-0.4896385167169952,-1.330434997150785,-0.2798513233382808,-0.8352838375932041,1.2285766520336716,-0.5223384511231783,1.0777366189304816,-0.7529221514850207,-1.1061151427192604,0.11303209559735014,0.4410519326070325,0.0,1.4875028844421743
-0.41957232767719793,-0.4896385167169952,-1.330434997150785,-0.2798513233382808,-0.8352838375932041,0.20709638126656957,-0.35817879822233445,1.0777366189304816,-0.7529221514850207,-1.1061151427192604,0.11303209559735014,0.410571016371986,-1.0713160162574369,0.6712218030525545
-0.4061372009523087,0.056251369327369925,-0.48023484763146107,-0.2798513233382808,-0.26515405343693593,-0.16046555716845437,1.006170316998012,1.024637886132401,-0.5230014462035358,-0.5775189657039035,-1.505236629567631,0.4410519326070325,0.9184621963900645,0.4970818390227692
-0.39832561768044417,0.056251369327369925,-0.48023484763146107,-0.2798513233382808,-0.26515405343693593,-0.9312059009411201,1.1484420161787436,1.0871964647915542,-0.5230014462035358,-0.5775189657039035,-1.505236629567631,0.3284479722710865,2.4571859505034124,-0.6565954226745598
-0.3967267556072555,0.056251369327369925,-0.48023484763146107,-0.2798513233382808,-0.26515405343693593,0.13158947143301822,0.9405064558376747,1.2129791389041071,-0.5230014462035358,-0.5775189657039035,-1.505236629567631,0.393028042999297,1.1040225749009507,-0.8198516389524837
-0.4093091558931108,0.056251369327369925,-0.48023484763146107,-0.2798513233382808,-0.26515405343693593,-0.39268492137352673,0.5246353351555372,1.1559348422544233,-0.5230014462035358,-0.5775189657039035,-1.505236629567631,0.4410519326070325,0.07915833051005682,-0.3953854766298817
-0.4120840308025496,0.056251369327369925,-0.48023484763146107,-0.2798513233382808,-0.26515405343693593,-0.5636439625060962,-1.0768332786993622,0.7871434644142177,-0.5230014462035358,-0.5775189657039035,-1.505236629567631,0.3708800391162776,0.4274408870997201,-0.09064053957775704
-0.34930321805620135,-0.4896385167169952,-0.4398914310461855,-0.2798513233382808,-0.14421743255530314,-0.47816444193981206,-0.24509103733508666,0.4337540466694266,-0.6379617988442783,-0.6012760972551554,1.1764658292771952,0.4410519326070325,-0.635962820520358,-0.23212926035195783
-0.3495808226798978,-0.4896385167169952,-0.4398914310461855,-0.2798513233382808,-0.14421743255530314,-0.6420001896918579,-0.4384346285294138,0.3344494335851022,-0.6379617988442783,-0.6012760972551554,1.1764658292771952,0.42701755390888174,-0.6059876824532148,-0.28654799911126577
-0.2996190183796863,-0.4896385167169952,-0.4398914310461855,-0.2798513233382808,-0.14421743255530314,-0.49810966340527885,-1.430688530507848,0.3344494335851022,-0.6379617988442783,-0.6012760972551554,1.1764658292771952,0.33086013110983153,-0.8757639250575031,0.061731928948305495
-0.33121323574240974,-0.4896385167169952,-0.4398914310461855,-0.2798513233382808,-0.14421743255530314,-0.41975343621951705,0.480859427715312,0.22002808188861175,-0.6379617988442783,-0.6012760972551554,1.1764658292771952,0.32976369527403826,0.2789925842910111,-0.5477579451559439
-0.33805378849509965,-0.4896385167169952,-0.4398914310461855,-0.2798513233382808,-0.14421743255530314,-0.7944386680350646,0.03580436873969073,0.0006927612705775703,-0.6379617988442783,-0.6012760972551554,1.1764658292771952,0.3758140003773462,-0.2048917873642996,-0.47157171089291283
-0.27644313194737075,-0.4896385167169952,-0.4398914310461855,-0.2798513233382808,-0.14421743255530314,-1.0181100801835095,1.0791301627317205,0.0013582780648238077,-0.6379617988442783,-0.6012760972551554,1.1764658292771952,0.21814652719030578,1.1853836639403392,-0.972224107478546
-0.32326694980503845,-0.4896385167169952,-0.4398914310461855,-0.2798513233382808,-0.14421743255530314,-0.45536990312213615,0.7544588492167185,0.10327742141225876,-0.6379617988442783,-0.6012760972551554,1.1764658292771952,0.3931376865828762,0.1590920320224386,-0.31919924236685027
-0.27870613672788397,-0.4896385167169952,-0.4398914310461855,-0.2798513233382808,-0.14421743255530314,-0.20320531745159578,0.845658656383854,0.08644935390060221,-0.6379617988442783,-0.6012760972551554,1.1764658292771952,0.4410519326070325,0.8570845327287715,-0.7980841434487606
-0.30729121367593953,-0.4896385167169952,-0.4398914310461855,-0.2798513233382808,-0.14421743255530314,-0.6719180218900574,1.1484420161787436,0.14268552301441548,-0.6379617988442783,-0.6012760972551554,1.1764658292771952,0.415176046882317,1.0226614858615621,-0.8742703777117917
-0.3351887213661477,-0.4896385167169952,-0.4398914310461855,-0.2798513233382808,-0.14421743255530314,-0.5137809088424299,0.9332104712643037,0.2873878888491134,-0.6379617988442783,-0.6012760972551554,1.1764658292771952,0.4128735316271512,0.5116567511931223,-0.7545491524413142
-0.34436607253349794,-0.4896385167169952,-0.4398914310461855,-0.2798513233382808,-0.14421743255530314,-0.6719180218900574,0.7945867643702579,0.4216321336313692,-0.6379617988442783,-0.6012760972551554,1.1764658292771952,0.22154547828126425,0.29897600966910665,-0.6457116749226981
-0.33252629389921884,-0.4896385167169952,-0.4398914310461855,-0.2798513233382808,-0.14421743255530314,0.29969919521337846,0.9441544481243603,0.31358072839409296,-0.6379617988442783,-0.6012760972551554,1.1764658292771952,0.3428112817199755,0.012071116740736626,-0.4498042153891897
-0.3056490124842835,-0.4896385167169952,-0.4398914310461855,-0.2798513233382808,-0.14421743255530314,0.554713098236128,0.6851469957696953,0.2110436051662864,-0.6379617988442783,-0.6012760972551554,1.1764658292771952,0.25827607878033165,-0.10497466047382233,-0.16682677384078812
-0.2906138523586794,-0.4896385167169952,-0.4398914310461855,-0.2798513233382808,-0.14421743255530314,-0.8143838895005313,0.9332104712643037,0.2081913903338021,-0.6379617988442783,-0.6012760972551554,1.1764658292771952,0.038331050120245985,1.4109108932074166,-1.0701778372453004
-0.2643866577207548,-0.4896385167169952,-0.4398914310461855,-0.2798513233382808,-0.14421743255530314,-0.30293142477892826,1.1484420161787436,0.180619980286455,-0.6379617988442783,-0.6012760972551554,1.1764658292771952,0.21990082452757492,0.046328417388899985,-0.8742703777117917
-0.2881646065015091,-0.4896385167169952,-0.4398914310461855,-0.2798513233382808,-0.14421743255530314,-0.8314797936137889,0.9660424018444727,-0.003728171719772962,-0.6379617988442783,-0.6012760972551554,1.1764658292771952,0.022980948419142923,0.8042711942295196,-1.026642846237854
-0.4155523316074665,-0.4896385167169952,-0.7656271649569283,-0.2798513233382808,-0.4811123050112801,-0.500958980757488,-0.011619530987219621,-0.20666325705102287,-0.5230014462035358,-0.7675760181139194,0.34421334204949033,0.4410519326070325,0.0,-0.3953854766298817
-0.4116553249279803,-0.4896385167169952,-2.6542334805936147e-16,-0.2798513233382808,-0.4811123050112801,-0.6320275789591239,-0.2596830064818283,-0.19829676020906933,-0.5230014462035358,-0.7675760181139194,0.34421334204949033,0.22900124196465707,-0.18633574951321089,-0.27566425135940403
-0.4136817215482121,-0.4896385167169952,-0.7656271649569283,-0.2798513233382808,-0.4811123050112801,-0.619205650874182,-0.9856334715322267,0.06615109167608976,-0.5230014462035358,-0.7675760181139194,0.34421334204949033,0.4410519326070325,-0.5631660566430104,-0.16682677384078812
-0.4025646519975648,-0.4896385167169952,-0.7656271649569283,-0.2798513233382808,-0.4811123050112801,-0.4539452444460309,-1.397856599927679,0.02484151351894378,-0.5230014462035358,-0.7675760181139194,0.34421334204949033,0.403005609105014,-0.3690413529700833,0.23587189297809075
-0.4081413423495437,-0.4896385167169952,-0.6236781066013294,-0.2798513233382808,-0.9216671382229419,0.6914803311421823,-2.3937584941927983,0.9154931318760063,-0.7529221514850207,-1.0407830309533173,-0.25685789872607445,0.3150714550744117,-1.124129354756689,0.4426631002634613
-0.4064944558477831,-0.4896385167169952,-0.6236781066013294,-0.2798513233382808,-0.9216671382229419,-0.16473953319676876,-2.258782779585438,0.9154931318760063,-0.7529221514850207,-1.0407830309533173,-0.25685789872607445,0.29270416402423327,-0.985672764637028,0.30117437948926046
-0.4086977229244628,-0.4896385167169952,-0.6236781066013294,-0.2798513233382808,-0.9216671382229419,-0.3072054008072427,-1.040353355832508,0.9154931318760063,-0.7529221514850207,-1.0407830309533173,-0.25685789872607445,0.3587096013389746,-0.4518298295364786,-0.145059278337065
-0.40298984388955567,-0.4896385167169952,-0.6236781066013294,-0.2798513233382808,-0.9216671382229419,-0.8585483084597779,-1.266528877607004,0.6205265812832662,-0.7529221514850207,-1.0407830309533173,-0.25685789872607445,0.4410519326070325,-0.3576222527540287,-0.35185048562243515
-0.40100561506026516,-0.4896385167169952,-0.6236781066013294,-0.2798513233382808,-0.9216671382229419,-0.7103838061448857,-1.2847688390404313,0.6205265812832662,-0.7529221514850207,-1.0407830309533173,-0.25685789872607445,0.4410519326070325,0.20476843288665675,-0.27566425135940403
-0.39621371415080375,-0.4896385167169952,-2.6542334805936147e-16,-0.2798513233382808,-0.9216671382229419,-0.36276708917532724,0.6194831346093579,0.9005190040054641,-0.7529221514850207,-1.0407830309533173,-0.25685789872607445,0.395440201838042,0.8685036329448262,-0.6457116749226981
-0.397326475300642,-0.4896385167169952,-0.6236781066013294,-0.2798513233382808,-0.9216671382229419,-0.9725210025481575,-0.23779505276171573,1.0898585319685394,-0.7529221514850207,-1.0407830309533173,-0.25685789872607445,0.4410519326070325,0.4973828759230539,-0.34096673787057374
-0.41267555120325305,0.42745649183753825,-0.8134415846135512,-0.2798513233382808,-0.9994121087897058,-0.4582192204743453,-0.832417795491439,1.4354518958378737,-0.6379617988442783,-0.9813902020751873,-0.7654566409207818,0.4263596924074059,0.10485130599617946,-0.3083154946149889
-0.4179886928618492,0.42745649183753825,-2.6542334805936147e-16,-0.2798513233382808,-0.9994121087897058,-0.24167110170642406,-0.20131512989486153,1.4354518958378737,-0.6379617988442783,-0.9813902020751873,-0.7654566409207818,0.4089263626182967,-0.46895847986056055,-0.2212455126000961
-0.41679042480260237,0.42745649183753825,-0.8134415846135512,-0.2798513233382808,-0.9994121087897058,0.3224937340310544,-1.7298238980160523,1.4354518958378737,-0.6379617988442783,-0.9813902020751873,-0.7654566409207818,0.4410519326070325,-1.061324303568389,0.26852313623367563
-5.20173915561598e-17,0.42745649183753825,-0.8134415846135512,-0.2798513233382808,-0.9994121087897058,-0.4083561668106791,-1.7188799211559962,1.4354518958378737,-0.6379617988442783,-0.9813902020751873,-0.7654566409207818,0.4410519326070325,-0.6116972325612421,0.09438317220388996
-0.4049775867014246,0.6021412553717351,-0.8896458159412937,-0.2798513233382808,-0.878475487908073,-0.19893134142328264,-1.4343365227945333,1.9108685714991132,-0.17812038828130847,-0.7378796036748544,0.5753945885016305,0.3728536236207052,-0.8357970743013122,0.0834994244520286
-0.41097126965271136,0.6021412553717351,-0.8896458159412937,-0.2798513233382808,-0.878475487908073,-0.5095069328141167,-0.7776979111911577,1.4912126958129397,-0.17812038828130847,-0.7378796036748544,0.5753945885016305,0.4410519326070325,-0.4989336179277035,-0.31919924236685027
-0.4055784777223373,0.6021412553717351,-0.8896458159412937,-0.2798513233382808,-0.878475487908073,-0.7744934465695991,-0.08457937672092801,1.6306860011214162,-0.17812038828130847,-0.7378796036748544,0.5753945885016305,0.4214257311463373,0.062029680185975135,-0.41715297213360486
-0.40295587539129746,0.6021412553717351,-0.8896458159412937,-0.2798513233382808,-0.878475487908073,-0.4539452444460309,0.9076745252575061,1.4372582985651137,-0.17812038828130847,-0.7378796036748544,0.5753945885016305,0.23470270831078072,0.2461626711698543,-0.7110141614338678
-0.4101525117119356,0.6021412553717351,-0.8896458159412937,-0.2798513233382808,-0.878475487908073,0.24413750684529387,-0.026211500133961507,1.6307335380352912,-0.17812038828130847,-0.7378796036748544,0.5753945885016305,0.4410519326070325,-0.8543531121524007,-0.03622180081844908
-0.4082514471370014,0.6021412553717351,-0.8896458159412937,-0.2798513233382808,-0.878475487908073,0.6800830617333443,-0.9163216180852038,1.9898273854450503,-0.17812038828130847,-0.7378796036748544,0.5753945885016305,0.4265789795745643,-0.4589667671715128,0.26852313623367563
-0.42078348033923246,0.274607323745116,-1.4499710462923419,-0.2798513233382808,-1.1972298672318047,1.1673163289611674,-0.3289948599288512,2.580235855769277,-0.7529221514850207,-1.1417508400461382,0.0667958463069231,0.4009223810170072,-0.665937958587501,1.139222956382603
-0.4162879252938859,0.056251369327369925,-0.7491909581999642,-0.2798513233382808,-1.2585620106789188,-0.5793152079432485,-1.7188799211559962,1.2849024895965833,-0.6379617988442783,-0.3755833475182615,0.20550459417820588,0.4334865253400605,-0.6588010209524671,-0.05798929632217219
-0.4071925670533658,0.056251369327369925,-0.7491909581999642,-0.2798513233382808,-1.2585620106789188,-0.9839182719569954,-1.1570891090064415,1.2849024895965833,-0.6379617988442783,-0.3755833475182615,0.20550459417820588,0.4410519326070325,0.05346535502393417,-0.5586416929078056
-0.40805700676766127,0.056251369327369925,-0.7491909581999642,-0.2798513233382808,-1.2585620106789188,-0.5693425972105157,-1.2957128159004874,1.2849024895965833,-0.6379617988442783,-0.3755833475182615,0.20550459417820588,0.4410519326070325,-0.5603112815889968,-0.17771052159264986
-0.4127306035969819,-0.4896385167169952,-0.040939867036239135,-0.2798513233382808,-1.2240086904270238,0.18857581847720803,-2.258782779585438,0.7093730733151489,-0.6379617988442783,-0.6131546630307815,0.34421334204949033,0.2966513330330884,-0.8557804996794077,0.18145315421878278
-0.4044727445376559,-0.4896385167169952,-0.040939867036239135,-0.2798513233382808,-1.2240086904270238,-0.4610685378265545,-1.8611516203367273,0.7093730733151489,-0.6379617988442783,-0.6131546630307815,0.34421334204949033,0.22220333978274012,-0.4047260411452537,-0.09064053957775704
-0.4123346948931447,-0.4896385167169952,-0.040939867036239135,-0.2798513233382808,-1.2240086904270238,-0.312904035511661,-2.215006872145213,0.7093730733151489,-0.6379617988442783,-0.6131546630307815,0.34421334204949033,0.37537542604302937,-1.0270670029202256,0.029080685692720636
-0.4001821718093848,-0.4896385167169952,-0.040939867036239135,-0.2798513233382808,-1.2240086904270238,-0.056465473812807504,-2.27337474873218,0.7093730733151489,-0.6379617988442783,-0.6131546630307815,0.34421334204949033,0.22472514220506432,0.0,0.09438317220388996
-0.41381993819629725,-0.4896385167169952,0.26088865704619213,-0.2798513233382808,-1.0166887689156532,-0.016575030881875275,5.184108838826404e-16,0.21698571940062852,-0.5230014462035358,-0.06080135446417258,0.11303209559735014,0.41934250305833054,-0.8472161745173667,0.17056940646692142
-0.41192707291404607,-0.4896385167169952,0.26088865704619213,-0.2798513233382808,-1.0166887689156532,0.0019455319074862549,-0.857953741498237,0.33635091014009183,-0.5230014462035358,-0.06080135446417258,0.11303209559735014,0.2911691538541231,-0.5389004686838945,-0.1232917828333419
-0.4111762519697868,-0.4896385167169952,0.26088865704619213,-0.2798513233382808,-1.0166887689156532,-0.008027078825246487,0.2182039830739617,0.12224465004827874,-0.5230014462035358,-0.06080135446417258,0.11303209559735014,0.1862402443687284,-0.10640204800082911,-0.27566425135940403
-0.4128699915725932,-0.4896385167169952,0.26088865704619213,-0.2798513233382808,-1.0166887689156532,-0.20605463480380623,-0.8287698032047538,0.1404512880623026,-0.5230014462035358,-0.06080135446417258,0.11303209559735014,0.33206621052920343,-0.349057927591988,-0.18859426934451123
-0.41645542513012473,-0.4896385167169952,0.26088865704619213,-0.2798513233382808,-1.0166887689156532,-0.07498603660216903,-0.5405784125566054,0.5795022246093688,-0.5230014462035358,-0.06080135446417258,0.11303209559735014,0.3259261698487623,-0.053588709501577035,-0.145059278337065
-0.4132448163809598,-0.4896385167169952,0.26088865704619213,-0.2798513233382808,-1.0166887689156532,-0.5850138426476681,-1.1643850935798121,0.33635091014009183,-0.5230014462035358,-0.06080135446417258,0.11303209559735014,0.43184187158637116,0.0,-0.2430130081038192
-0.4182510702277058,0.6021412553717351,-0.9299892325265691,-0.2798513233382808,-1.1117103996083648,0.6302200080696794,-1.2774728544670604,0.7632799336490999,-0.6379617988442783,-0.7556974523382934,0.25174084346863457,0.4410519326070325,-1.0598969160413823,0.5950355687895235
-0.417842276921081,0.6021412553717351,-0.9299892325265691,-0.2798513233382808,-1.1117103996083648,0.4763568710503662,0.0686362993198597,0.7632799336490999,-0.6379617988442783,-0.7556974523382934,0.25174084346863457,0.427127197492461,-0.7844111233290669,0.14880191096319792
-0.4187828529245759,0.6021412553717351,-0.9299892325265691,-0.2798513233382808,-1.1117103996083648,0.024740070725162176,-1.3248967541939707,0.7632799336490999,-0.6379617988442783,-0.7556974523382934,0.25174084346863457,0.4410519326070325,-0.8557804996794077,0.2467556407299525
-0.4189093562973996,0.6021412553717351,-0.9299892325265691,-0.2798513233382808,-1.1117103996083648,-0.16758885054897793,-0.7959378726245848,0.7632799336490999,-0.6379617988442783,-0.7556974523382934,0.25174084346863457,0.3724150492863877,-0.7430168850458692,0.039964433444582
-0.4171429943879721,-0.4896385167169952,-0.9852746552545393,-0.2798513233382808,-0.9130288081599681,0.14868537554627578,-0.7485139728976744,0.46793308774536224,-0.7529221514850207,-0.9576330705239353,0.020559597016494405,0.4410519326070325,-0.4418381168474311,0.14880191096319792
-0.4163511769802977,-0.4896385167169952,-0.9852746552545393,-0.2798513233382808,-0.9130288081599681,0.4920281164875186,-0.45302659767615544,0.305499453035388,-0.7529221514850207,-0.9576330705239353,0.020559597016494405,0.3906158841605526,-0.8829008626925371,0.4426631002634613
-0.41699189313709933,-0.4896385167169952,-0.9852746552545393,-0.2798513233382808,-0.9130288081599681,-0.3841369693168992,-0.8543057492115516,0.3005080770785405,-0.7529221514850207,-0.9576330705239353,0.020559597016494405,0.4310743665013161,0.02063544190277734,-0.00357055756286422
-0.4146925772032757,-0.4896385167169952,-0.9852746552545393,-0.2798513233382808,-0.9130288081599681,-0.23312314964979527,-0.4274906516693576,-0.02255278961416864,-0.7529221514850207,-0.9576330705239353,0.020559597016494405,0.4218643054806541,0.0,-0.03622180081844908
-0.4164390265447587,-0.4896385167169952,-1.1466483215956411,-0.2798513233382808,-0.5674956056410178,1.0291244373790067,0.6486670729028411,-0.1774755919319347,-0.8678825041257632,-0.8210295641042363,-0.30309414801650153,0.4410519326070325,-1.0299217779742391,0.11615066770761347
-0.4168583617991188,-0.4896385167169952,-1.1466483215956411,-0.2798513233382808,-0.5674956056410178,1.1316998620585483,-0.19766713760817606,-0.18089824973091578,-0.8678825041257632,-0.8210295641042363,-0.30309414801650153,0.43184187158637116,-1.0013740274341028,0.6712218030525545
-0.4175822422102767,-0.4896385167169952,-1.1466483215956411,-0.2798513233382808,-0.5674956056410178,0.18857581847720803,-0.08822736900761374,-0.3340621862353167,-0.8678825041257632,-0.8210295641042363,-0.30309414801650153,0.3893001611576009,-0.557456506534983,0.007313190188997528
-0.41846308050993813,-0.4896385167169952,-1.1466483215956411,-0.2798513233382808,-0.5674956056410178,0.1714799143639517,0.1963160293538494,-0.3341572600630662,-0.8678825041257632,-0.8210295641042363,-0.30309414801650153,0.4043213321079657,-0.644527145682399,-0.05798929632217219
-0.4181456507503527,-7.757561861074651e-17,0.5911069927997431,-0.2798513233382808,-0.7834538572153615,0.22419228537982713,-0.5442264048432909,-0.06139044824982817,-0.6379617988442783,-0.8210295641042363,-0.11814915085479002,0.420329295310544,-0.6502366957904261,0.039964433444582
-0.419701173705074,0.7331548280223826,0.5911069927997431,-0.2798513233382808,-0.7834538572153615,-0.10490386880036852,-1.4452804996545896,-0.06139044824982817,-0.6379617988442783,-0.8210295641042363,-0.11814915085479002,0.4348022483430122,-0.9285772635567553,0.26852313623367563
-0.4180390599454734,0.7331548280223826,0.5911069927997431,-0.2798513233382808,-0.7834538572153615,-0.05076683910838916,0.3203477671011533,-0.08558673741206901,-0.6379617988442783,-0.8210295641042363,-0.11814915085479002,0.4410519326070325,-0.30338152672776986,-0.21036176484823435
-0.40877385921366227,-0.4896385167169952,-1.224346753537653,-0.2798513233382808,-0.9475821284118632,0.484904823106995,-0.3910107288025034,-0.14253596023400336,-0.8678825041257632,-0.7853938667773583,-0.21062164943564576,0.014319105316378233,-0.8657722123684554,0.6385705597969696
-0.40959378848196415,-0.4896385167169952,-1.224346753537653,-0.2798513233382808,-0.9475821284118632,-0.1732874852533963,0.03945236102637594,-0.14253596023400336,-0.8678825041257632,-0.7853938667773583,-0.21062164943564576,0.385462635732325,-0.19632746220225863,-0.1232917828333419
-0.415033433513384,-0.4896385167169952,-1.224346753537653,-0.2798513233382808,-0.9475821284118632,1.611809835905848,-0.21955509132828863,-0.14253596023400336,-0.8678825041257632,-0.7853938667773583,-0.21062164943564576,0.4410519326070325,-0.9314320386107688,1.1609904518863265
-0.4056557853390629,-0.4896385167169952,-0.3771350052468681,-0.2798513233382808,-0.299707373688831,0.6302200080696794,0.4151955665549746,-0.48356578037136283,-0.5230014462035358,-0.14395131489355456,1.1302295799867665,0.41758820572106137,-0.4703858673875673,0.5406168300302154
-0.4096781240638466,-0.4896385167169952,-0.3771350052468681,-0.2798513233382808,-0.299707373688831,0.7071515765793346,0.10146822990002817,-0.44634437680744415,-0.5230014462035358,-0.14395131489355456,1.1302295799867665,0.4265789795745643,-0.7201786846137601,0.4317793525115995
-0.3982822785619768,-0.4896385167169952,-0.3771350052468681,-0.2798513233382808,-0.299707373688831,-0.21032861083212062,5.184108838826404e-16,-0.5135615730263214,-0.5230014462035358,-0.14395131489355456,1.1302295799867665,0.41440854179726194,0.10342391846917268,-0.35185048562243515
-0.40671700807775074,-0.4896385167169952,-0.3771350052468681,-0.2798513233382808,-0.299707373688831,-0.16758885054897793,0.7836427875102017,-0.6531774890764226,-0.5230014462035358,-0.14395131489355456,1.1302295799867665,0.39489198392014535,-0.05501609702858382,-0.2647805036075423
-0.4075345946910003,-0.4896385167169952,-0.3771350052468681,-0.2798513233382808,-0.299707373688831,-0.6177809921980768,1.028058270718125,-0.8024909355569698,-0.5230014462035358,-0.14395131489355456,1.1302295799867665,0.409803511286931,0.5359223391522379,-0.330082990118712
-0.4030156130951309,-0.4896385167169952,-0.3771350052468681,-0.2798513233382808,-0.299707373688831,-0.6391508723396475,0.8529546409572248,-0.7530050082133692,-0.5230014462035358,-0.14395131489355456,1.1302295799867665,0.4275657718267784,0.8485202075667307,-0.330082990118712
-0.40770443718229143,-0.4896385167169952,-0.3771350052468681,-0.2798513233382808,-0.299707373688831,-0.22457519759316774,0.6085391577493017,-0.7951227139063857,-0.5230014462035358,-0.14395131489355456,1.1302295799867665,0.3400701921304929,0.19620410772461577,-0.23212926035195783
-0.4080734053530273,-0.4896385167169952,-0.3771350052468681,-0.2798513233382808,-0.299707373688831,0.26978136301517897,1.0426502398648663,-0.6475205963253289,-0.5230014462035358,-0.14395131489355456,1.1302295799867665,0.4228510977328682,-0.06358042219062479,-0.2974317468631272
-0.3921890327709677,-0.4896385167169952,-0.3771350052468681,-0.2798513233382808,-0.299707373688831,-0.07926001263048343,0.8274186949504269,-0.5941841789578746,-0.5230014462035358,-0.14395131489355456,1.1302295799867665,0.37888402071756705,0.40460268666761107,-0.34096673787057374
-0.4104266023530536,-0.4896385167169952,-0.3771350052468681,-0.2798513233382808,-0.299707373688831,-0.12769840761804443,-0.5150424665498077,-0.48356578037136283,-0.5230014462035358,-0.14395131489355456,1.1302295799867665,0.4036634706064899,0.04061886728087285,-0.09064053957775704
-0.41125707356909086,-0.4896385167169952,-0.16047591617779622,-0.2798513233382808,-0.06647246198853923,0.6131241039564218,0.47721143542862626,-0.5312453049877234,-0.40804109356279333,0.14113426372146937,-0.30309414801650153,0.42668862315814354,-0.3647591903890629,0.029080685692720636
-0.40862744327289413,-0.4896385167169952,-0.16047591617779622,-0.2798513233382808,-0.06647246198853923,-0.5294521542795823,0.889434563824079,-0.6853124428557443,-0.40804109356279333,0.14113426372146937,-0.30309414801650153,0.41967143380906813,0.4988102634500609,-0.40626922438174307
-0.39705121333199783,-0.4896385167169952,-0.16047591617779622,-0.2798513233382808,-0.06647246198853923,-0.27443825125683396,0.9806343709912145,-0.5928056084555072,-0.40804109356279333,0.14113426372146937,-0.30309414801650153,0.4410519326070325,0.6244203658266606,-0.41715297213360486
-0.4063995783181653,-0.4896385167169952,-0.16047591617779622,-0.2798513233382808,-0.06647246198853923,-0.04364354572786559,0.5720592348824475,-0.731375712400364,-0.40804109356279333,0.14113426372146937,-0.30309414801650153,0.35158276840632,-0.32336495210586536,-0.43892046763732795
-5.20173915561598e-17,-0.4896385167169952,-0.16047591617779622,-0.2798513233382808,-0.06647246198853923,-0.5080822741380115,0.7179789263498643,-0.6331644483351586,-0.40804109356279333,0.14113426372146937,-0.30309414801650153,-0.1289850584217732,0.43457782473475404,-0.46068796314105104
-0.40765641275371944,-0.4896385167169952,-0.16047591617779622,-0.2798513233382808,-0.06647246198853923,-0.15476692246403476,0.14524413734025332,-0.506240888289612,-0.40804109356279333,0.14113426372146937,-0.30309414801650153,0.4015802425184831,0.0,-0.145059278337065
-0.4053840373529971,-0.4896385167169952,-0.16047591617779622,-0.2798513233382808,-0.06647246198853923,-0.37558901726027044,0.5136913582954805,-0.4980170021892828,-0.40804109356279333,0.14113426372146937,-0.30309414801650153,0.41484711613157876,-0.3447757650109674,-0.3627342333742969
-0.41498775173986435,-0.4896385167169952,2.176453844539642,-0.2798513233382808,0.22723076015256793,-0.5907124773520864,0.04310035331306167,-0.7308052694338673,-0.8678825041257632,-1.3080507609049024,0.29797709275906326,0.3560781553330712,0.23617095848080655,-0.05798929632217219
-0.4146761786179096,-0.4896385167169952,2.176453844539642,-0.2798513233382808,0.22723076015256793,-0.39980821475405154,0.5684112425957618,-0.7594700285003333,-0.8678825041257632,-1.3080507609049024,0.29797709275906326,0.23020732138402958,0.22189708321073842,-0.2430130081038192
-0.4121765656771151,-0.4896385167169952,2.176453844539642,-0.2798513233382808,0.22723076015256793,-0.4610685378265545,0.889434563824079,-0.811998318331917,-0.8678825041257632,-1.3080507609049024,0.29797709275906326,0.23481235189435992,0.7443209180952332,-0.2212455126000961
-0.40545431700456586,-0.4896385167169952,-2.6542334805936147e-16,-0.2798513233382808,0.22723076015256793,-0.6106576988175532,1.039002247578181,-0.8797384206034166,-0.8678825041257632,-1.3080507609049024,0.29797709275906326,0.149509643869661,1.8120067882963315,-0.569525440659667
-0.41153233553773505,-0.4896385167169952,2.176453844539642,-0.2798513233382808,0.22723076015256793,-0.5778905492671446,0.995226340137956,-0.8503130709149547,-0.8678825041257632,-1.3080507609049024,0.29797709275906326,0.24895637417609048,0.6943623546499944,-0.40626922438174307
-0.40327096249583055,-0.4896385167169952,2.176453844539642,-0.2798513233382808,0.22723076015256793,-0.42545207092393666,0.7252749109232353,-0.8566830173741694,-0.8678825041257632,-1.3080507609049024,0.29797709275906326,0.31079535531481833,0.29897600966910665,-0.1232917828333419
-0.3776973686174952,-0.4896385167169952,2.176453844539642,-0.2798513233382808,0.22723076015256793,-0.9568497571110052,5.184108838826404e-16,-0.9687275233769231,-0.8678825041257632,-1.3080507609049024,0.29797709275906326,0.0286824147652672,2.076073480792593,-0.7436654046894526
-0.39271378750268093,-0.4896385167169952,1.614634413574325,-0.2798513233382808,0.5986789528604399,-0.8428770630226269,1.0025223247113269,-0.9539435431618801,-0.6379617988442783,0.17083067816053438,1.268938327858051,0.38853265607254583,0.638694241096729,-0.6892466659301447
-0.3849502286593883,-0.4896385167169952,1.614634413574325,-0.2798513233382808,0.5986789528604399,0.20852103994267476,1.1046661087385186,-0.942439610004194,-0.6379617988442783,0.17083067816053438,1.268938327858051,0.4410519326070325,0.38176448623550197,-0.4933392063966359
-0.31984550210116736,-0.4896385167169952,1.614634413574325,-0.2798513233382808,0.5986789528604399,-0.9226579488844926,0.9550984249844165,-0.8628628161778851,-0.6379617988442783,0.17083067816053438,1.268938327858051,0.4410519326070325,0.8028438067025127,-0.8960378732155148
-0.3832365764886374,-0.4896385167169952,1.614634413574325,-0.2798513233382808,0.5986789528604399,0.24698682419750306,1.1083141010252042,-0.7969766535475004,-0.6379617988442783,0.17083067816053438,1.268938327858051,0.4206582260612822,-0.01647663379939985,-0.3627342333742969
-0.28333639443873726,-0.4896385167169952,1.614634413574325,-0.2798513233382808,0.5986789528604399,0.058931878951676064,1.0645381935849791,-0.7244828598885273,-0.6379617988442783,0.17083067816053438,1.268938327858051,0.4410519326070325,-0.06500780971763158,-0.31919924236685027
-0.3539545596625252,-0.4896385167169952,1.614634413574325,-0.2798513233382808,0.5986789528604399,0.12446617805249466,1.07183417815835,-0.6976720404631759,-0.6379617988442783,0.17083067816053438,1.268938327858051,0.31890898049968697,-0.22772998779640868,0.05084818119644375
-0.38443601587541043,-7.757561861074651e-17,-2.6542334805936147e-16,-0.2798513233382808,0.5986789528604399,-0.6590960938051142,0.9806343709912145,-0.6299319381916764,-0.6379617988442783,0.17083067816053438,1.268938327858051,0.35103455048842336,0.3303785352632564,-0.4498042153891897
-0.3577344335893968,-0.4896385167169952,1.614634413574325,-0.2798513233382808,0.5986789528604399,0.07175380703661924,1.0827781550184061,-0.8006845328297298,-0.6379617988442783,0.17083067816053438,1.268938327858051,0.41660141346884794,0.6058643279755721,-0.4824554586447742
-0.38527702903918293,-0.4896385167169952,1.614634413574325,-0.2798513233382808,0.5986789528604399,-0.4881370526725448,0.9113225175441914,-0.8690426149816008,-0.6379617988442783,0.17083067816053438,1.268938327858051,0.2365666492316291,0.5973000028135309,-0.5586416929078056
-0.38179935761405687,-0.4896385167169952,1.614634413574325,-0.2798513233382808,0.5986789528604399,0.24128818949308345,1.0900741395917772,-0.9247083411289172,-0.6379617988442783,0.17083067816053438,1.268938327858051,0.4101324420376686,0.26757348407495657,-0.5912929361633901
-0.393808978739627,-0.4896385167169952,1.614634413574325,-0.2798513233382808,0.5986789528604399,-0.609233040141448,5.184108838826404e-16,-1.0108452290699397,-0.6379617988442783,0.17083067816053438,1.268938327858051,0.38776515098749076,1.2282052897505438,-1.0048753507341308
-0.3592876138890659,-0.4896385167169952,1.614634413574325,-0.2798513233382808,0.5986789528604399,-0.19038338936665386,1.07183417815835,-1.0107976921560649,-0.6379617988442783,0.17083067816053438,1.268938327858051,0.4410519326070325,0.8199724570265945,-0.515106701900359
-0.38899482260716883,-0.4896385167169952,1.614634413574325,-0.2798513233382808,0.5986789528604399,-0.15761623981624392,0.9149705098308766,-1.037798659236915,-0.6379617988442783,0.17083067816053438,1.268938327858051,0.34434629189008564,1.6335833474204795,-0.9286891164710996
0.056871000220128094,-0.4896385167169952,1.2694740716780788,-0.2798513233382808,2.732346478414959,-1.1634252651461936,1.1484420161787436,-1.132920023900263,-0.5230014462035358,-0.03110494002510758,-1.7364178760197713,0.4410519326070325,1.9561729285240204,-0.7545491524413142
-0.09747014258996418,-0.4896385167169952,1.2694740716780788,-0.2798513233382808,2.732346478414959,-1.9683574171453746,1.0681861858716644,-1.1642468501437142,-0.5230014462035358,-0.03110494002510758,-1.7364178760197713,0.4410519326070325,2.365833148774976,-1.1681315670120547
-0.1456257598448593,-0.4896385167169952,-2.6542334805936147e-16,-0.2798513233382808,2.732346478414959,-1.9355902675949646,0.9915783478512707,-1.1096269361016422,-0.5230014462035358,-0.03110494002510758,-1.7364178760197713,0.3841469127293733,2.40009044942314,-0.8633866299599301
-0.15003346532574494,-0.4896385167169952,-2.6542334805936147e-16,-0.2798513233382808,2.732346478414959,-1.5651790118077316,0.9222664944042476,-1.0769215393558234,-0.5230014462035358,-0.03110494002510758,-1.7364178760197713,0.003464390542026947,2.227376558655315,-0.515106701900359
-0.10283130867713229,-0.4896385167169952,1.2694740716780788,-0.2798513233382808,2.732346478414959,-0.9796442959286811,0.9623944095577874,-1.0787754789969382,-0.5230014462035358,-0.03110494002510758,-1.7364178760197713,-0.052892411417735624,1.2467613276016323,-0.7763166479450373
-0.22902662236147348,-0.4896385167169952,1.2694740716780788,-0.2798513233382808,2.732346478414959,-0.23169849097369133,5.184108838826404e-16,-1.0348989074905561,-0.5230014462035358,-0.03110494002510758,-1.7364178760197713,0.17681089618090803,0.19763149525162257,-0.11240803508148016
-0.2657781948218157,-0.4896385167169952,1.2694740716780788,-0.2798513233382808,0.4345506816639384,-0.31147937683555704,1.1484420161787436,-0.9686799864630485,-0.5230014462035358,-0.03110494002510758,-1.7364178760197713,-0.030525120367557824,-0.8971747379626054,0.19233690197064454
-0.25615222521195175,-0.4896385167169952,1.2694740716780788,-0.2798513233382808,2.732346478414959,0.32106907535494916,1.1484420161787436,-0.964591811869821,-0.5230014462035358,-0.03110494002510758,-1.7364178760197713,0.08372349372207806,-0.760145535369951,0.0834994244520286
-0.16041494118997277,-0.4896385167169952,1.2694740716780788,-0.2798513233382808,0.4345506816639384,-0.6135070161697623,0.8493066486705392,-0.6527021199376751,-0.5230014462035358,-0.03110494002510758,-1.7364178760197713,0.4214257311463373,-0.15350583639205406,0.01819693794085889
-0.15203526406792767,-0.4896385167169952,1.2694740716780788,-0.2798513233382808,0.4345506816639384,-0.5764658905910394,1.0499462244382372,-0.6685319122579624,-0.5230014462035358,-0.03110494002510758,-1.7364178760197713,-0.09367982450923736,-0.0978377228387884,-0.37361798112615824
-0.4067708891439535,-0.4896385167169952,-1.0510194822823957,-0.2798513233382808,-0.3860906743185687,-1.0152607628313002,0.7289229032099204,-0.569940352881759,-0.5230014462035358,-0.6666082090210984,-0.8579291395016376,0.4410519326070325,0.2818473593450247,0.061731928948305495
-0.41231829630777866,-0.4896385167169952,-2.6542334805936147e-16,-0.2798513233382808,-0.3860906743185687,0.18715115980110408,5.184108838826404e-16,-0.5460768221166412,-0.5230014462035358,-0.6666082090210984,-0.8579291395016376,0.42570183090593006,-0.5246265934138264,0.11615066770761347
-0.4131745367293911,-0.4896385167169952,-1.0510194822823957,-0.2798513233382808,-0.3860906743185687,-0.6063837227892388,0.0066204304462074755,-0.5196462980022877,-0.5230014462035358,-0.6666082090210984,-0.8579291395016376,0.40081273743342805,-0.43898334179341725,0.007313190188997528
-0.41526301370850854,-0.4896385167169952,-1.0510194822823957,-0.2798513233382808,-0.3860906743185687,0.37235678769472064,-1.292064823613802,-0.31504742068542213,-0.5230014462035358,-0.6666082090210984,-0.8579291395016376,0.3759236439609254,-1.0541873659333552,0.7474080373155856
-0.41484367845414843,-0.4896385167169952,-1.0510194822823957,-0.2798513233382808,-0.3860906743185687,-0.37701367593637564,-0.7776979111911577,-0.11415642265078575,-0.5230014462035358,-0.6666082090210984,-0.8579291395016376,0.40081273743342805,-0.3718961280240971,0.07261567670016686
-0.41671428851340286,-0.4896385167169952,-2.6542334805936147e-16,-0.2798513233382808,-0.3860906743185687,0.04326063351452497,0.1780760679204223,-0.22700905618941017,-0.5230014462035358,-0.6666082090210984,-0.8579291395016376,0.42679826674172333,-0.9171581633407008,0.2249881452262294
-0.4152887829140838,-0.4896385167169952,-1.0510194822823957,-0.2798513233382808,-0.3860906743185687,0.8196996119916103,0.2145559907872765,-0.4182025237936003,-0.5230014462035358,-0.6666082090210984,-0.8579291395016376,0.37932259505188387,-0.8272327491392714,0.8018267760748935
-0.41500063634265194,-0.4896385167169952,-1.2885973799512402,-0.2798513233382808,-0.5761339357039916,-0.20035600009938662,-0.23049906818834479,-0.5690846884320137,-0.7529221514850207,-1.2783543464658373,-0.30309414801650153,0.4410519326070325,-0.46610370480654695,1.4875028844421743
-5.20173915561598e-17,-0.4896385167169952,-1.2885973799512402,-0.2798513233382808,-0.5761339357039916,0.3965759851885005,0.987930355564585,-0.4506702359700452,-0.7529221514850207,-1.2783543464658373,-0.30309414801650153,0.4410519326070325,-1.0042288024881165,1.084804217623295
-0.41333735125552534,-0.4896385167169952,-1.2885973799512402,-0.2798513233382808,-0.5761339357039916,-0.9696716851959484,0.7763468029368308,-0.38369072432054163,-0.7529221514850207,-1.2783543464658373,-0.30309414801650153,0.37636221829524286,0.18050284492754087,0.42089560475973775
-0.41598572279214036,-0.4896385167169952,-1.2885973799512402,-0.2798513233382808,-0.5761339357039916,-0.1875340720144447,0.010268422732892687,-0.24497800963406047,-0.7529221514850207,-1.2783543464658373,-0.30309414801650153,0.33371086428289337,0.062029680185975135,0.7691755328193091
-0.407089490231065,-7.757561861074651e-17,-0.07381228055016739,-0.2798513233382808,-0.5674956056410178,-0.560794645153887,-1.6860479905758274,0.07147522603006008,-0.6379617988442783,-0.7794545838895454,0.0667958463069231,0.4410519326070325,-0.2634146759715791,0.007313190188997528
-0.3935524580114011,-0.4896385167169952,-0.07381228055016739,-0.2798513233382808,-0.5674956056410178,-0.7146577821731989,0.15254012191362426,0.2661388883471059,-0.6379617988442783,-0.7794545838895454,0.0667958463069231,0.35914817567329205,0.0,-0.00357055756286422
-0.40660924594534537,-0.4896385167169952,-0.07381228055016739,-0.2798513233382808,-0.5674956056410178,0.12874015408080905,-1.3212487619072855,0.07147522603006008,-0.6379617988442783,-0.7794545838895454,0.0667958463069231,0.31945719841758363,-0.4760954174955945,0.6059193165413852
-0.38915295182319853,-0.4896385167169952,-0.07381228055016739,-0.2798513233382808,-0.5674956056410178,-1.2432061510080594,-2.142047026411505,-0.09865938872762169,-0.6379617988442783,-0.7794545838895454,0.0667958463069231,-0.08490833782289284,2.4029452244771536,0.12703441545947483
-0.39987411267000855,-0.4896385167169952,-0.07381228055016739,-0.2798513233382808,-0.5674956056410178,-0.14621897040740597,5.184108838826404e-16,0.07147522603006008,-0.6379617988442783,-0.7794545838895454,0.0667958463069231,0.4051984807766,-0.4632489297525331,0.26852313623367563
-0.4148542204018838,-0.4896385167169952,0.4192739221587552,-0.2798513233382808,-0.04055747179961793,0.5091240206007762,0.604891165462616,-0.1777608134151831,-0.5230014462035358,-0.7853938667773583,-0.950401638082495,0.39587877617235884,-0.4318464041583833,0.6712218030525545
-0.3510672373105765,-0.4896385167169952,-0.7297663502144612,-0.2798513233382808,-0.41200566450749,0.47493221237426225,0.448027497135143,-0.24859081508854045,-0.17812038828130847,-0.6012760972551554,-0.4880391451782146,0.4410519326070325,-0.7301703973028079,0.823594271578617
-0.3747655358195529,-0.4896385167169952,-0.7297663502144612,-0.2798513233382808,-0.4379206546964113,1.2513711908513476,0.4151955665549746,-0.2754016345138918,-0.17812038828130847,-0.6012760972551554,-0.4880391451782146,0.16891655816319778,-0.907166450651653,0.986850487856541
-5.20173915561598e-17,-0.4896385167169952,-0.7297663502144612,-0.2798513233382808,-0.4379206546964113,0.38090473975134814,-1.7188799211559962,-0.1996277937975618,-0.17812038828130847,-0.6012760972551554,-0.4880391451782146,0.25948215819970355,-1.2782872076734253,0.9759667401046792
-0.3601684521887273,-0.4896385167169952,-0.7297663502144612,-0.2798513233382808,-0.4379206546964113,-0.43257536430446025,-0.015267523273905353,-0.05872838107284301,-0.17812038828130847,-0.6012760972551554,-0.4880391451782146,0.23766308506742237,-0.15207844886504726,0.19233690197064454
-0.36884096119230886,-0.4896385167169952,-0.7297663502144612,-0.2798513233382808,-0.4379206546964113,1.6061112012014283,0.305755797954412,-0.05872838107284301,-0.17812038828130847,-0.6012760972551554,-0.4880391451782146,0.2134318530963956,-1.0656064661494096,0.9977342356084022
-0.38436222224126326,-0.4896385167169952,-0.7297663502144612,-0.2798513233382808,-0.41200566450749,-0.2829862033134615,-0.25603501419514285,-0.0680456161922914,-0.17812038828130847,-0.6012760972551554,-0.4880391451782146,0.22012011169473333,-0.26198728844457203,0.1596856587150597
-0.3631166835720356,-0.4896385167169952,-0.7297663502144612,-0.2798513233382808,-0.41200566450749,1.5291796326917717,0.11241220676008433,0.1677850135402761,-0.17812038828130847,-0.6012760972551554,-0.4880391451782146,0.3661653650223674,-1.139830617553764,0.9759667401046792
-0.4134123162171986,-7.757561861074651e-17,-0.9195298282266829,-0.2798513233382808,-1.0944337394824173,0.2797539737479117,-1.8246716974698731,1.1384412579485201,-0.40804109356279333,-0.6428510774698464,-0.8579291395016376,0.24928530492682874,-0.907166450651653,0.12703441545947483
-0.39893002268393524,0.47112768272108746,-0.7805691710996229,-0.2798513233382808,-1.068518749293496,-0.9853429306331007,0.2911638288076701,1.977467787837619,-0.2930807409220509,-0.4646725908354565,0.29797709275906326,0.17341194508994956,-0.030750509069467958,-0.5368741974040822
-0.3832635170217387,0.47112768272108746,-0.7805691710996229,-0.2798513233382808,-1.068518749293496,-0.25164371243915806,-1.2264009624534644,2.025289923195604,-0.2930807409220509,-0.4646725908354565,0.29797709275906326,0.3673714444417399,-0.5074979430897445,0.19233690197064454
-0.40004395516129965,0.47112768272108746,-0.7805691710996229,-0.2798513233382808,-1.068518749293496,-0.08353398865879783,0.38965962054817654,2.025289923195604,-0.2930807409220509,-0.4646725908354565,0.29797709275906326,0.2134318530963956,-0.3661865779160697,-0.2212455126000961
-0.40381328714043596,0.47112768272108746,-0.7805691710996229,-0.2798513233382808,-1.068518749293496,0.21137035729488396,-0.7083860577441348,1.9164303904224573,-0.2930807409220509,-0.4646725908354565,0.29797709275906326,0.19775282064455493,-0.4561119921174992,0.21410439747436766
-0.40072801043656864,0.47112768272108746,-0.7805691710996229,-0.2798513233382808,-1.068518749293496,0.6173980799847362,-1.8611516203367273,1.9164303904224573,-0.2930807409220509,-0.4646725908354565,0.29797709275906326,0.4064045601959725,-0.8786187001115168,0.39912810925601466
-0.4066350151509206,0.47112768272108746,-0.7805691710996229,-0.2798513233382808,-1.068518749293496,0.2883019258045405,-2.025311273237571,1.71211673458884,-0.2930807409220509,-0.4646725908354565,0.29797709275906326,0.4342540304251155,-0.9728262768939665,0.2032206497225059
-0.3979917893354927,0.47112768272108746,-0.7805691710996229,-0.2798513233382808,-1.068518749293496,0.21849365067540752,-2.1748789569916736,1.71211673458884,-0.2930807409220509,-0.4646725908354565,0.29797709275906326,0.22362870636927104,-1.3025527956325411,0.2467556407299525
-0.41343925675029997,0.47112768272108746,-0.7805691710996229,-0.2798513233382808,-1.068518749293496,0.9578915035737697,-2.251486795012067,2.429924134097361,-0.2930807409220509,-0.4646725908354565,0.29797709275906326,0.3225272187578039,-1.311117120794582,0.7691755328193091
-0.3880273060705726,0.383785300953989,-0.6162071035299821,-0.2798513233382808,-0.7834538572153615,-0.6106576988175532,-0.9637455178121141,0.3013637415282859,-0.7529221514850207,-1.1001758598314473,0.0667958463069231,0.3505959761541059,0.04061886728087285,-0.15594302608892638
-0.4040803498163971,0.383785300953989,-0.6162071035299821,-0.2798513233382808,-0.7834538572153615,-0.06358876719333108,-1.9049275277769526,0.3013637415282859,-0.7529221514850207,-1.1001758598314473,0.0667958463069231,0.4410519326070325,0.0,0.2902906317373987
-0.4096453268931146,0.383785300953989,-0.6162071035299821,-0.2798513233382808,-0.7834538572153615,0.3609595182858827,-0.35817879822233445,0.0582124270590087,-0.7529221514850207,-1.1001758598314473,0.0667958463069231,0.41978107739264736,-0.7116143594517191,0.2032206497225059
-0.39842635184769265,0.383785300953989,-1.1586019265097969,-0.2798513233382808,-0.9657226215441079,0.7513159955385825,-1.3248967541939707,0.14530005327752582,-0.5230014462035358,-1.1417508400461382,-1.6439453774389146,0.4410519326070325,-1.1227019672296823,1.3677816591716967
-0.4187289718583732,0.383785300953989,-1.1586019265097969,-0.2798513233382808,-0.9657226215441079,0.9735627490109221,5.184108838826404e-16,0.6891223480045111,-0.5230014462035358,-1.1417508400461382,-1.6439453774389146,0.3898483790754975,-1.1598140429318595,1.4004329024272812
-0.41338771833914956,-0.4896385167169952,0.4237565240015635,-0.2798513233382808,-1.0166887689156532,-0.22457519759316774,-1.8283196897565586,0.8117675858013311,-0.6379617988442783,-0.7081831892357894,-1.1353466352442065,0.4410519326070325,-0.5902864196561398,0.14880191096319792
-0.4079211327746284,-0.4896385167169952,0.4237565240015635,-0.2798513233382808,-1.0166887689156532,0.5604117329405464,-1.3650246693475103,1.029344040606,-0.6379617988442783,-0.7081831892357894,-1.1353466352442065,0.4410519326070325,-0.9200129383947144,0.6603380553006931
-0.4167763688722885,-0.4896385167169952,0.4237565240015635,-0.2798513233382808,-1.0166887689156532,0.376630763723035,-0.6390742042971119,1.029344040606,-0.6379617988442783,-0.7081831892357894,-1.1353466352442065,0.3966462812574145,-0.760145535369951,0.4970818390227692
-0.4065495082415119,-0.4896385167169952,-2.6542334805936147e-16,-0.2798513233382808,-1.0166887689156532,-0.704685171440466,-0.3837147442291325,1.2002867828995525,-0.6379617988442783,-0.7081831892357894,-1.1353466352442065,0.4410519326070325,0.4459969249508086,-0.2430130081038192
-0.4189257548827656,-7.757561861074651e-17,-0.7462025569714253,-0.2798513233382808,-1.0512420891675485,0.4350417694433288,-1.0257613866857664,0.80653852527511,-0.2930807409220509,-0.47061187372326946,-1.0891103859537778,0.42844292049541266,-0.4589667671715128,-0.05798929632217219
-0.41135546508128706,-7.757561861074651e-17,-0.7462025569714253,-0.2798513233382808,-1.0512420891675485,0.9935079704763888,-1.8538556357633564,0.80653852527511,-0.2930807409220509,-0.47061187372326946,-1.0891103859537778,0.3701125340312225,-1.1212745797026753,1.1501067041344648
-0.36532463595882,-0.4896385167169952,-0.17691212293476022,-0.2798513233382808,-0.09238745217746054,0.49915140986804213,0.5100433660087953,-0.22700905618941017,-0.6379617988442783,-0.6190939459185945,-0.025676652273934286,0.4410519326070325,-1.1669509805668936,0.029080685692720636
-0.3821425565792175,-0.4896385167169952,-0.17691212293476022,-0.2798513233382808,-0.09238745217746054,-0.4453972923894021,0.29845981338104105,-0.3292134210200935,-0.6379617988442783,-0.6190939459185945,-0.025676652273934286,0.4338154560907987,-0.3918795534021923,-0.2430130081038192
-0.11436771348213964,-0.4896385167169952,-0.17691212293476022,-0.2798513233382808,-0.09238745217746054,-1.868631309818042,-1.1206091861395873,-0.6064011658236819,-0.6379617988442783,-0.6190939459185945,-0.025676652273934286,-0.0682425131188387,-0.010767083691372453,-0.700130413682006
-0.33048584134867337,-0.4896385167169952,-0.17691212293476022,-0.2798513233382808,-0.09238745217746054,-0.23169849097369133,-0.5734103431367744,-0.5489290369491255,-0.6379617988442783,-0.6190939459185945,-0.025676652273934286,0.4410519326070325,-0.961407176677912,-0.047105548570310435
-0.3924162703110399,-0.4896385167169952,-0.17691212293476022,-0.2798513233382808,-0.09238745217746054,-0.3727396999080613,0.7982347566569437,-0.4568500347737609,-0.6379617988442783,-0.6190939459185945,-0.025676652273934286,0.4344733175922746,-0.1420867361759995,-0.34096673787057374
-0.39151551944343405,-0.4896385167169952,-0.17691212293476022,-0.2798513233382808,-0.09238745217746054,-0.026547641614608014,0.5209873428688514,-0.253011748078891,-0.6379617988442783,-0.6190939459185945,-0.025676652273934286,0.40256703477069655,-0.6873487714926033,-0.1015242873296184
-0.37982332807744934,-0.4896385167169952,-0.17691212293476022,-0.2798513233382808,-0.09238745217746054,0.4022746198929201,0.6851469957696953,-0.09162392547416062,-0.6379617988442783,-0.6190939459185945,-0.025676652273934286,0.4277850589939368,-0.4903692927656628,0.13791816321133657
-0.3933685595897963,-0.4896385167169952,-0.17691212293476022,-0.2798513233382808,-0.09238745217746054,-0.8257811589093692,0.33493973624789525,0.07128507837456116,-0.6379617988442783,-0.6190939459185945,-0.025676652273934286,0.4357890405952263,-0.17348926177014956,-0.6892466659301447
-0.3857888991681085,-0.4896385167169952,-0.17691212293476022,-0.2798513233382808,-0.09238745217746054,-0.5280274956034783,5.184108838826404e-16,0.09676486421142005,-0.6379617988442783,-0.6190939459185945,-0.025676652273934286,0.3730729107878636,0.8014164191755055,-0.515106701900359
-0.3943454467466016,-0.4896385167169952,-0.17691212293476022,-0.2798513233382808,-0.09238745217746054,-0.7160824408493041,0.11606019904677006,0.11249958270395767,-0.6379617988442783,-0.6190939459185945,-0.025676652273934286,0.4410519326070325,0.4602708002208767,-0.2974317468631272
-0.3759790311366397,-0.4896385167169952,-0.17691212293476022,-0.2798513233382808,-0.09238745217746054,0.13871276481354178,-0.04809945385407382,-0.1248046913587266,-0.6379617988442783,-0.6190939459185945,-0.025676652273934286,0.42252216698212997,-0.33621143984892665,0.061731928948305495
-0.36737563045710075,-0.4896385167169952,-0.17691212293476022,-0.2798513233382808,-0.09238745217746054,-0.24452041905863323,-0.3545308059356493,0.09833358236928628,-0.6379617988442783,-0.6190939459185945,-0.025676652273934286,0.4337058125072195,0.0020794040516888728,-0.16682677384078812
-0.40343729100454323,-0.4896385167169952,-0.5534506777306647,-0.2798513233382808,-0.5329422853891227,0.2013977465621512,-0.5916503045702015,0.35431986358474216,-0.5230014462035358,-0.7200617550114154,0.5291583392112035,0.4410519326070325,-0.7872658983830805,0.13791816321133657
-0.40179860379546567,-0.4896385167169952,-0.5534506777306647,-0.2798513233382808,-0.5329422853891227,0.13016481275691427,-0.5186904588364931,0.35431986358474216,-0.5230014462035358,-0.7200617550114154,0.5291583392112035,0.4410519326070325,-0.8343696867743053,0.061731928948305495
-0.38193874558966817,-0.4896385167169952,-0.5534506777306647,-0.2798513233382808,-0.5329422853891227,-0.34709584373817487,-0.6792021194506516,0.4402190669563909,-0.5230014462035358,-0.7200617550114154,0.5291583392112035,0.4410519326070325,-0.7158965220327397,-0.23212926035195783
-0.3898124092204184,-0.4896385167169952,-0.5534506777306647,-0.2798513233382808,-0.5329422853891227,-0.8215071828810548,0.21090799850059075,0.4402190669563909,-0.5230014462035358,-0.7200617550114154,0.5291583392112035,0.3777875848817738,-0.13923196112198594,-0.43892046763732795
-0.38311592975344444,-0.4896385167169952,-0.5534506777306647,-0.2798513233382808,-0.5329422853891227,0.18572650112499886,-1.0367053635458225,0.4402190669563909,-0.5230014462035358,-0.7200617550114154,0.5291583392112035,0.4410519326070325,-0.9414237512998166,0.26852313623367563
-0.40059565042611417,-0.4896385167169952,-0.5534506777306647,-0.2798513233382808,-0.5329422853891227,0.20852103994267476,-1.963295404363919,0.7705055445580599,-0.5230014462035358,-0.7200617550114154,0.5291583392112035,0.40574669869449664,-1.0898720541085254,0.2249881452262294
-0.3875224639068039,-0.4896385167169952,-0.5534506777306647,-0.2798513233382808,-0.5329422853891227,0.03898665748621058,-1.4452804996545896,0.7705055445580599,-0.5230014462035358,-0.7200617550114154,0.5291583392112035,0.4410519326070325,-0.9371415887187962,0.05084818119644375
-0.3948362329800566,-0.4896385167169952,-0.5534506777306647,-0.2798513233382808,-0.5329422853891227,-0.2872601793417759,-0.9053776412251474,0.7705055445580599,-0.5230014462035358,-0.7200617550114154,0.5291583392112035,0.4410519326070325,0.010643729213729587,-0.03622180081844908
-0.41531806610223737,-0.4896385167169952,-1.172049732038222,-0.2798513233382808,-0.8180071774672566,-0.5935617947042956,-1.5583682605418376,0.6748137369282153,-0.6379617988442783,0.12925569794584338,-0.7192203916303548,0.2825073107513578,-0.3918795534021923,-0.35185048562243515
-0.41519273405693985,-0.4896385167169952,-1.172049732038222,-0.2798513233382808,-0.8180071774672566,0.06890448968441007,-1.8720955971967836,0.6748137369282153,-0.6379617988442783,0.12925569794584338,-0.7192203916303548,0.20323499982352017,-0.7672824730049851,0.007313190188997528
-0.4177462280639371,-7.757561861074651e-17,-1.172049732038222,-0.2798513233382808,-0.8180071774672566,-0.20035600009938662,-1.3248967541939707,0.9880819993627287,-0.6379617988442783,0.12925569794584338,-0.7192203916303548,0.13043166032686185,-0.5174896557787922,-0.2974317468631272
-0.41900891913712196,-7.757561861074651e-17,-0.7506851588142338,-0.2798513233382808,-1.0089142718589768,-0.36134243049922327,-1.6495680677089732,1.352737665695832,-0.9828428567665056,-0.6190939459185945,-0.7192203916303548,0.06113691550474123,-0.6973404841816511,-0.34096673787057374
-0.41711488252734463,-0.4896385167169952,-0.8806806122556768,-0.2798513233382808,-0.3428990240036998,0.044685292190628924,-1.109665209279531,1.2660778717021877,-0.5230014462035358,-1.0942365769436344,0.8065758349537706,0.3622181960135123,-1.0042288024881165,-0.03622180081844908
-0.41869031805001033,-0.4896385167169952,-0.8806806122556768,-0.2798513233382808,-0.3428990240036998,0.03613734013400014,-1.0950732401327894,1.2660778717021877,-0.5230014462035358,-1.0942365769436344,0.8065758349537706,0.3588192449225538,-0.8514983370983872,-0.19947801709637297
-0.4184291120116799,-0.4896385167169952,-0.8806806122556768,-0.2798513233382808,-0.3428990240036998,-0.3527944784425945,-1.2409929316002062,1.0411807321608093,-0.5230014462035358,-1.0942365769436344,0.8065758349537706,0.4410519326070325,-0.6716475086955284,-0.15594302608892638
-0.4190546009106417,-0.4896385167169952,-0.8806806122556768,-0.2798513233382808,-0.3428990240036998,-0.5921371360281917,-0.8105298417713267,0.6826573277175467,-0.5230014462035358,-1.0942365769436344,0.8065758349537706,0.4410519326070325,-0.4161451413613082,-0.330082990118712
-0.41950673333573385,-0.4896385167169952,-0.8806806122556768,-0.2798513233382808,-0.3428990240036998,-0.5550960104494687,-0.32534686764216575,0.8651515400826604,-0.5230014462035358,-1.0942365769436344,0.8065758349537706,0.41813642363895803,-0.3076636893087902,-0.43892046763732795
-0.41919633154130526,-0.4896385167169952,-0.8806806122556768,-0.2798513233382808,-0.3428990240036998,-0.3214519875682898,-1.1388491475730145,0.4835251954962758,-0.5230014462035358,-1.0942365769436344,0.8065758349537706,0.4327190202550054,-0.6002781323451876,-0.21036176484823435
-0.4166299529315204,-0.4896385167169952,-0.8806806122556768,-0.2798513233382808,-0.3428990240036998,-0.42687672960004064,-0.8433617723514955,0.4835251954962758,-0.5230014462035358,-1.0942365769436344,0.8065758349537706,0.4410519326070325,-0.4247094665233492,-0.38450172887802
-0.4158639047294212,-0.4896385167169952,-0.8806806122556768,-0.2798513233382808,-0.3428990240036998,-0.45109592709382174,-0.3654747827957054,0.4835251954962758,-0.5230014462035358,-1.0942365769436344,0.8065758349537706,0.4410519326070325,-0.48894190523865605,-0.41715297213360486
-0.42014276418243085,-0.4896385167169952,-1.3737668149645994,-0.2798513233382808,-0.3169840338147785,0.36380883563809185,-0.32169887535548025,1.1750446816320672,-0.9828428567665056,0.08174143484333939,-1.1815828845346343,0.3649592856029949,-0.5802947069670921,-0.6565954226745598
-0.4194223977538513,-0.4896385167169952,-1.0002166613972339,-0.2798513233382808,-0.9734971186007845,-0.38556162799300314,-0.7302740114642473,2.0053719562820893,-0.7529221514850207,-0.3340083673035705,0.15926834488777883,0.3175932574967353,-0.31194585188981083,-0.5477579451559439
-0.4158510201266336,-0.4896385167169952,-1.0002166613972339,-0.2798513233382808,-0.9734971186007845,-0.5508220344211542,-0.5916503045702015,2.0053719562820893,-0.7529221514850207,-0.3340083673035705,0.15926834488777883,0.08701280122945734,-0.006484921110352095,-0.5804091884115288
-0.41579362507785245,-7.757561861074651e-17,-1.469395654277845,-0.2798513233382808,-1.0857954094194435,0.2925759018328549,-0.8798416952183497,2.3754468307969123,-0.9828428567665056,-0.43497617639639147,0.5753945885016305,0.4410519326070325,0.0,0.039964433444582
0.07607022970117946,-0.4896385167169952,-2.6542334805936147e-16,-0.2798513233382808,1.8598751420546091,-0.24594507773473845,0.4662674585685701,-0.6112974679527796,1.6612452539705709,1.530926459469711,0.8065758349537706,0.373511485122181,-0.006484921110352095,0.007313190188997528
0.10893885141234927,-0.4896385167169952,1.0483323807661988,-0.2798513233382808,1.8598751420546091,0.1615073036312177,0.7106829417764933,-0.6069716087901786,1.6612452539705709,1.530926459469711,0.8065758349537706,0.1961081668908656,-0.7030500342896783,0.26852313623367563
0.02635089019888006,-0.4896385167169952,1.0483323807661988,-0.2798513233382808,1.8598751420546091,-0.04791752175617872,0.8237707026637411,-0.7128363159892168,1.6612452539705709,1.530926459469711,0.8065758349537706,-0.06604964144725271,0.2104779829946839,-0.28654799911126577
0.007771292979159629,-0.4896385167169952,1.0483323807661988,-0.2798513233382808,1.8598751420546091,-1.3144390848132963,1.0098183092846977,-0.804059653714836,1.6612452539705709,1.530926459469711,0.8065758349537706,0.26441611946077276,-0.3604770278080425,-0.18859426934451123
0.5131124422740221,-0.4896385167169952,1.0483323807661988,-0.2798513233382808,1.2551920376464454,-1.0893430139887477,1.1484420161787436,-1.0752577473702076,1.6612452539705709,1.530926459469711,0.8065758349537706,0.4410519326070325,0.0,-1.1137128282527466
0.5317670044554158,-0.4896385167169952,1.0483323807661988,-0.2798513233382808,1.2551920376464454,-1.2745486418823642,1.1083141010252042,-0.9825607653144716,1.6612452539705709,1.530926459469711,0.8065758349537706,0.4410519326070325,1.1611180759812236,-1.2007828102676394
0.39242705327266947,-0.4896385167169952,1.0483323807661988,-0.2798513233382808,1.2551920376464454,-0.8143838895005313,1.039002247578181,-0.8882475281869944,1.6612452539705709,1.530926459469711,0.8065758349537706,0.4139699674629445,0.6272751408806742,-0.8089678912006222
0.19692077588371862,-0.4896385167169952,1.0483323807661988,-0.2798513233382808,1.2551920376464454,-0.33284925697712775,0.5100433660087953,-0.7735409550072552,1.6612452539705709,1.530926459469711,0.8065758349537706,0.23799201581815999,0.8627940828367991,0.07261567670016686
-5.20173915561598e-17,-0.4896385167169952,1.0483323807661988,-0.2798513233382808,1.194723727205629,-0.13054772497025488,0.8784905869640224,-0.9525649726595129,1.6612452539705709,1.530926459469711,0.8065758349537706,0.4410519326070325,0.35036196064135194,-0.9504566119748228
-5.20173915561598e-17,-0.4896385167169952,1.0483323807661988,-0.2798513233382808,1.194723727205629,-0.5664932798583066,0.9550984249844165,-0.956890831822114,1.6612452539705709,1.530926459469711,0.8065758349537706,0.4410519326070325,0.5187936888281565,-1.0701778372453004
0.5979481810101644,-0.4896385167169952,1.0483323807661988,-0.2798513233382808,1.194723727205629,0.2655073869868646,1.1046661087385186,-0.9837016512474653,1.6612452539705709,1.530926459469711,0.8065758349537706,0.3871072894860149,0.6287025284076813,-1.026642846237854
0.2647406396475449,-0.4896385167169952,1.0483323807661988,-0.2798513233382808,1.194723727205629,0.1714799143639517,1.0025223247113269,-1.0069472021322112,1.6612452539705709,1.530926459469711,0.8065758349537706,0.4410519326070325,0.9498647219842148,-1.0919453327490236
0.4755760803711623,-0.4896385167169952,1.0483323807661988,-0.2798513233382808,1.194723727205629,-0.7659454945129702,1.1083141010252042,-1.027578222753847,1.6612452539705709,1.530926459469711,0.8065758349537706,0.3993873708468971,1.02837103596959,-1.5272952428234872
0.2142669652184078,-0.4896385167169952,1.0483323807661988,-0.2798513233382808,1.3674903284651043,0.5276445833901376,5.184108838826404e-16,-0.6844567784059992,1.6612452539705709,1.530926459469711,0.8065758349537706,-0.015175018666454763,0.7157731675550969,-0.7980841434487606
0.17315688303327803,-0.4896385167169952,1.0483323807661988,-0.2798513233382808,1.3674903284651043,0.01761677734463861,0.8493066486705392,-0.6782769796022835,1.6612452539705709,1.530926459469711,0.8065758349537706,0.31156286039987335,0.6501133413127832,-0.700130413682006
0.5430527451698279,-0.4896385167169952,-2.6542334805936147e-16,-0.2798513233382808,1.3674903284651043,1.579042686355438,1.1229060701719455,-0.6381082873781311,1.6612452539705709,1.530926459469711,0.8065758349537706,0.21047147633975458,0.5744618023814219,-0.515106701900359
0.37357102275677867,-0.4896385167169952,1.0483323807661988,-0.2798513233382808,1.3674903284651043,-0.29010949669398506,0.5793552194558185,-0.512230539437829,1.6612452539705709,1.530926459469711,0.8065758349537706,0.4410519326070325,0.28327474687203147,-0.27566425135940403
0.00951539966559031,-0.4896385167169952,1.0483323807661988,-0.2798513233382808,1.3674903284651043,0.13016481275691427,0.7252749109232353,-0.5837260579054326,1.6612452539705709,1.530926459469711,0.8065758349537706,0.38107689238915304,0.27613780923699754,-0.5259904496522207
0.3564403576869002,-0.4896385167169952,1.0483323807661988,-0.2798513233382808,1.3674903284651043,0.046109950866734147,0.5282833274422224,-0.5041968009929985,1.6612452539705709,1.530926459469711,0.8065758349537706,0.4410519326070325,0.18193023245454767,-0.330082990118712
0.25877858253946423,-0.4896385167169952,1.0483323807661988,-0.2798513233382808,1.3674903284651043,0.3253430513832636,0.7799947952235166,-0.4722519948691755,1.6612452539705709,1.530926459469711,0.8065758349537706,0.40728170886460674,-0.34620315253797446,-0.25389675585568094
0.49517238988357715,-0.4896385167169952,1.0483323807661988,-0.2798513233382808,0.8664671848126269,-0.10775318615257896,-0.11376331501441127,-0.39533726821985193,1.6612452539705709,1.530926459469711,0.8065758349537706,0.4410519326070325,0.07202139287502289,-0.1232917828333419
0.0863170028999006,-0.4896385167169952,1.0483323807661988,-0.2798513233382808,0.21859243008959417,-0.16758885054897793,0.5647632503090766,-0.3620614285075365,1.6612452539705709,1.530926459469711,0.8065758349537706,0.4410519326070325,0.5102293636661153,-0.28654799911126577
0.04996133914339553,-0.4896385167169952,1.0483323807661988,-0.2798513233382808,-0.19604741293314576,-0.07926001263048343,0.8091787335169998,-0.33073460226408513,1.6612452539705709,1.530926459469711,0.8065758349537706,0.4238378899850817,0.022062829429784124,-0.31919924236685027
-0.005059428742238529,-0.4896385167169952,1.0483323807661988,-0.2798513233382808,0.21859243008959417,0.21706899199930357,0.2364439445073888,-0.42713946360205063,1.6612452539705709,1.530926459469711,0.8065758349537706,0.40234774760353814,0.23474357095379975,0.07261567670016686
0.1212342764542989,-0.4896385167169952,1.0483323807661988,-0.2798513233382808,0.5122956522307023,0.9906586531241797,-0.03350748470733245,-0.5999836824505924,1.6612452539705709,1.530926459469711,0.8065758349537706,0.19742388989381732,0.0,0.7909430283230322
0.5205281168420494,-0.4896385167169952,1.0483323807661988,-0.2798513233382808,0.25314575034148923,-1.2218362708664887,0.9806343709912145,-0.6489942406554456,1.6612452539705709,1.530926459469711,0.8065758349537706,-0.04488842981644679,0.7742960561623764,-0.9504566119748228
0.1475329220713184,-0.4896385167169952,1.0483323807661988,-0.2798513233382808,0.5122956522307023,0.2840279497762261,0.9149705098308766,-0.7081776984294926,1.6612452539705709,1.530926459469711,0.8065758349537706,0.4334865253400605,0.8513749826207443,-0.6348279271708367
0.25911358221194186,-0.4896385167169952,1.0483323807661988,-0.2798513233382808,-0.19604741293314576,-0.0607394498411219,-0.1392992610212093,-0.17628716908506634,1.6612452539705709,1.530926459469711,0.8065758349537706,0.4410519326070325,-0.28197071382266753,0.05084818119644375
0.24554609547659806,-0.4896385167169952,1.0483323807661988,-0.2798513233382808,-0.19604741293314576,0.662987157620088,0.2327959522207036,-0.22025881441919748,1.6612452539705709,1.530926459469711,0.8065758349537706,0.3990584400961589,-0.7101869719247124,0.12703441545947483
-0.09294413302893785,-0.4896385167169952,1.0483323807661988,-0.2798513233382808,-0.19604741293314576,-0.7445756143713995,-1.0294093789724519,0.14415916734453227,1.6612452539705709,1.530926459469711,0.8065758349537706,0.39741378634246954,-0.32764711468688573,-0.07975679182589529
-0.1444602889563445,-0.4896385167169952,1.0483323807661988,-0.2798513233382808,0.24450742027851546,-0.5892878186759812,-0.9710415023854851,-0.033771501288606266,1.6612452539705709,1.530926459469711,0.8065758349537706,0.154114674379992,0.08915004319910458,-0.21036176484823435
0.007238338954763405,-0.4896385167169952,1.0483323807661988,-0.2798513233382808,0.24450742027851546,0.03898665748621058,-0.6062422737169432,0.09348481715406307,1.6612452539705709,1.530926459469711,0.8065758349537706,0.35026704540336834,-0.30480891425477663,-0.145059278337065
0.243621604351141,-0.4896385167169952,1.0483323807661988,-0.2798513233382808,0.24450742027851546,-0.24309576038252928,0.4115475742682888,-0.11843474489951199,1.6612452539705709,1.530926459469711,0.8065758349537706,0.3947823403365661,0.32324159762822247,-0.37361798112615824
0.14334659749287432,-0.4896385167169952,1.0483323807661988,-0.2798513233382808,0.24450742027851546,-0.5408494236884203,-0.5588183739900325,-0.3055400379104748,1.6612452539705709,1.530926459469711,0.8065758349537706,0.34588130206019635,-0.18062619940518373,-0.21036176484823435
-0.40539809328331083,-0.4896385167169952,2.4887417729219594,-0.2798513233382808,0.46910400191583346,-1.1833704866116606,0.8821385792507082,-0.9384465092387161,-0.6379617988442783,1.7981941894212958,0.7603395856633436,0.4212064439791783,0.7628769559463215,-0.7980841434487606
-0.4106831230812795,-0.4896385167169952,2.4887417729219594,-0.2798513233382808,0.46910400191583346,-0.42972604695225103,1.1046661087385186,-0.9160090858898404,-0.6379617988442783,1.7981941894212958,0.7603395856633436,0.36660393935668484,0.7643043434733287,-0.972224107478546
-0.4100295223216903,-0.4896385167169952,2.4887417729219594,-0.2798513233382808,0.46910400191583346,-0.42972604695225103,0.5465232888756495,-0.8010648281407277,-0.6379617988442783,1.7981941894212958,0.7603395856633436,0.4410519326070325,0.09057743072611135,-0.2647805036075423
-0.40276846298711416,-0.4896385167169952,-0.20829033583441903,-0.2798513233382808,0.261784080404463,-0.82293184155716,-0.5296344356965493,-0.671859496229194,-0.40804109356279333,-0.10237633467886356,0.34421334204949033,0.4410519326070325,-0.10069249789280198,-0.07975679182589529
-0.3903219366942917,-0.4896385167169952,-0.20829033583441903,-0.2798513233382808,0.261784080404463,-0.5109315914902207,-0.945505556378687,-0.671859496229194,-0.40804109356279333,-0.10237633467886356,0.34421334204949033,0.4410519326070325,0.12483473137427498,0.21410439747436766
-0.40210314895226346,-0.4896385167169952,-0.20829033583441903,-0.2798513233382808,0.261784080404463,-0.8756442125730355,-1.448928491941275,-0.4736781022854176,-0.40804109356279333,-0.10237633467886356,0.34421334204949033,0.4014705989349039,0.6972171297040084,0.061731928948305495
-0.3891470951855677,-0.4896385167169952,-0.20829033583441903,-0.2798513233382808,0.261784080404463,-1.2745486418823642,0.1598361064869952,-0.4736781022854176,-0.40804109356279333,-0.10237633467886356,0.34421334204949033,0.4410519326070325,1.2025123142644212,-0.3083154946149889
-0.3916326521960486,-0.4896385167169952,-0.20829033583441903,-0.2798513233382808,0.261784080404463,-0.6989865367360477,0.07593228389323013,-0.4289458663292906,-0.40804109356279333,-0.10237633467886356,0.34421334204949033,0.4410519326070325,0.19763149525162257,-0.46068796314105104
-0.3950599565375504,-0.4896385167169952,-0.20829033583441903,-0.2798513233382808,0.261784080404463,-0.3784383346124796,-0.11741130730109699,-0.6588343818275162,-0.40804109356279333,-0.10237633467886356,0.34421334204949033,0.4410519326070325,0.02919976706481831,-0.145059278337065
-0.40223902294529634,-0.4896385167169952,-0.20829033583441903,-0.2798513233382808,0.261784080404463,-1.0195347388596145,0.18172406020710752,-0.6632077779039919,-0.40804109356279333,-0.10237633467886356,0.34421334204949033,0.42866220766257107,0.3403702479523042,-0.5477579451559439
-0.3967864933110889,-0.4896385167169952,-0.20829033583441903,-0.2798513233382808,0.261784080404463,-0.36704106520364166,0.40789958198160364,-0.6164789915651259,-0.40804109356279333,-0.10237633467886356,0.34421334204949033,0.4410519326070325,0.2304614083727794,-0.623944179418975
-0.4157327160464929,-0.4896385167169952,0.1264106017619405,-0.2798513233382808,0.1581241196487778,0.43931574547164315,0.021212399592948843,-0.6257962266845742,-0.9828428567665056,-0.8032117154407974,1.1764658292771952,0.38721693306959415,0.0,-0.014454305314725968
-0.41776614063188156,-0.4896385167169952,0.1264106017619405,-0.2798513233382808,0.1581241196487778,-0.2345478083259005,0.29845981338104105,-0.7166392690991957,-0.9828428567665056,-0.8032117154407974,1.1764658292771952,0.4410519326070325,-0.518917043305799,-0.21036176484823435
-0.4159517542938821,-0.4896385167169952,0.1264106017619405,-0.2798513233382808,0.1581241196487778,0.9849600184197601,0.8201227103770559,-0.7736835657488795,-0.9828428567665056,-0.8032117154407974,1.1764658292771952,0.4410519326070325,-1.0099383525961438,0.14880191096319792
-0.4102321619837135,-0.4896385167169952,0.1264106017619405,-0.2798513233382808,0.1581241196487778,0.7256721393686961,0.7581068415034037,-0.668436838430213,-0.9828428567665056,-0.8032117154407974,1.1764658292771952,0.4032248962721724,-0.8900378003275712,-0.05798929632217219
-0.4175154765412864,-0.4896385167169952,0.1264106017619405,-0.2798513233382808,0.1581241196487778,-0.36276708917532724,5.184108838826404e-16,-0.613246481421644,-0.9828428567665056,-0.8032117154407974,1.1764658292771952,0.4410519326070325,-0.690203546546617,-1.1572478192601932
